Theme,Topic,Subtopic
Theme A: Development,A.01. Neurogenesis and Gliogenesis,A.01.a. Nervous system patterning and developmental cell death
Theme A: Development,A.01. Neurogenesis and Gliogenesis,A.01.b. Proliferation: Self-renewal and cell cycle
Theme A: Development,A.01. Neurogenesis and Gliogenesis,A.01.c. Proliferation: Molecular mechanisms
Theme A: Development,A.01. Neurogenesis and Gliogenesis,A.01.d. Cell lineage
Theme A: Development,A.01. Neurogenesis and Gliogenesis,A.01.e. Mechanisms of cell fate
Theme A: Development,A.01. Neurogenesis and Gliogenesis,A.01.f. Cell migration
Theme A: Development,A.01. Neurogenesis and Gliogenesis,A.01.g. Neuronal differentiation
Theme A: Development,A.01. Neurogenesis and Gliogenesis,A.01.h. Glial differentiation and interaction with neurons
Theme A: Development,A.02. Postnatal Neurogenesis,A.02 b. Postnatal neurogenesis: Molecular mechanisms
Theme A: Development,A.02. Postnatal Neurogenesis,A.02 c. Postnatal neurogenesis: Environmental and pharmacological regulation
Theme A: Development,A.02. Postnatal Neurogenesis,A.02.a. Postnatal neurogenesis: Temporal and spatial patterns
Theme A: Development,A.03. Stem Cells and Reprogramming,A.03.a. Induced pluripotent stem cells: Disease models
Theme A: Development,A.03. Stem Cells and Reprogramming,A.03.b. Induced pluripotent stem cells: Biology
Theme A: Development,A.03. Stem Cells and Reprogramming,A.03.c. Neural differentiation of pluripotent stem cells
Theme A: Development,A.04. Transplantation and Regeneration,A.04.a. Transplantation
Theme A: Development,A.04. Transplantation and Regeneration,A.04.b. Regeneration: PNS
Theme A: Development,A.04. Transplantation and Regeneration,A.04.c. Regeneration: CNS
Theme A: Development,A.05. Axon and Dendrite Development,A.05.a. Axon growth and guidance: Adhesion and cytoskeletal dynamics
Theme A: Development,A.05. Axon and Dendrite Development,A.05.b. Axon growth and guidance: Intrinsic mechanisms
Theme A: Development,A.05. Axon and Dendrite Development,A.05.c. Axon growth and guidance: Extrinsic mechanisms
Theme A: Development,A.05. Axon and Dendrite Development,A.05.d. Dendritic growth and branching
Theme A: Development,A.06. Synaptogenesis and Activity-Dependent Development,A.06.a. Synapse formation
Theme A: Development,A.06. Synaptogenesis and Activity-Dependent Development,A.06.b. Synapse maturation and remodeling
Theme A: Development,A.06. Synaptogenesis and Activity-Dependent Development,A.06.c. Neural circuit maturation and remodeling
Theme A: Development,A.06. Synaptogenesis and Activity-Dependent Development,A.06.d. Other activity-dependent processes
Theme A: Development,A.07. Developmental Disorders,A.07.a. Autism: Behavioral analysis
Theme A: Development,A.07. Developmental Disorders,A.07.b. Autism: Genetic models
Theme A: Development,A.07. Developmental Disorders,A.07.c. Autism: Synaptic and cellular mechanisms
Theme A: Development,A.07. Developmental Disorders,A.07.d. Autism: Environment and pathology
Theme A: Development,A.07. Developmental Disorders,A.07.e. Autism: Physiology and systems
Theme A: Development,A.07. Developmental Disorders,A.07.f. Rett syndrome
Theme A: Development,A.07. Developmental Disorders,A.07.g. Fragile X
Theme A: Development,A.07. Developmental Disorders,A.07.h. Down syndrome
Theme A: Development,A.07. Developmental Disorders,A.07.i. Angelman and other developmental disorders
Theme A: Development,A.07. Developmental Disorders,"A.07.j. ADHD, SLI, dyslexia and other specific disorders of neurobehavior"
Theme A: Development,A.07. Developmental Disorders,A.07.k. Animal models
Theme A: Development,A.07. Developmental Disorders,A.07.l. Mechanisms
Theme A: Development,"A.08. Development of Motor, Sensory, and Limbic Systems",A.08.a. Motor systems
Theme A: Development,"A.08. Development of Motor, Sensory, and Limbic Systems",A.08.b. Sensory systems
Theme A: Development,"A.08. Development of Motor, Sensory, and Limbic Systems",A.08.c. Limbic system
Theme A: Development,A.09. Adolescent Development,A.09.a. Animal models
Theme A: Development,A.09. Adolescent Development,A.09.b. Human imaging
Theme A: Development,A.09. Adolescent Development,A.09.c. Mechanisms of vulnerability
Theme A: Development,A.10. Development and Evolution,A.10.a. Comparative anatomy
Theme A: Development,A.10. Development and Evolution,A.10.b. Comparative molecular mechanisms
"Theme B: Neural Excitability, Synapses, and Glia",B.01. Neurotransmitters and Signaling Molecules,B.01.a. Amino acids
"Theme B: Neural Excitability, Synapses, and Glia",B.01. Neurotransmitters and Signaling Molecules,B.01.b. Monoamines
"Theme B: Neural Excitability, Synapses, and Glia",B.01. Neurotransmitters and Signaling Molecules,B.01.c. Other small-molecule neurotransmitters and messengers
"Theme B: Neural Excitability, Synapses, and Glia",B.01. Neurotransmitters and Signaling Molecules,"B.01.d. Opiates, cytokines, and other neuropeptides"
"Theme B: Neural Excitability, Synapses, and Glia",B.01. Neurotransmitters and Signaling Molecules,B.01.e. Neurotrophins
"Theme B: Neural Excitability, Synapses, and Glia",B.01. Neurotransmitters and Signaling Molecules,B.01.f. Comparative neurotransmitters
"Theme B: Neural Excitability, Synapses, and Glia",B.02. Ligand-Gated Ion Channels,B.02.a. Nicotinic acetylcholine receptors in brain: Physiology and function
"Theme B: Neural Excitability, Synapses, and Glia",B.02. Ligand-Gated Ion Channels,B.02.b. Nicotinic acetylcholine receptors: Structure and regulation
"Theme B: Neural Excitability, Synapses, and Glia",B.02. Ligand-Gated Ion Channels,B.02.c. NMDA receptors
"Theme B: Neural Excitability, Synapses, and Glia",B.02. Ligand-Gated Ion Channels,B.02.d. Non-NMDA receptors
"Theme B: Neural Excitability, Synapses, and Glia",B.02. Ligand-Gated Ion Channels,B.02.e. GABA(A) receptors
"Theme B: Neural Excitability, Synapses, and Glia",B.02. Ligand-Gated Ion Channels,B.02.f. Glycine receptors & other ligand gated ion channels
"Theme B: Neural Excitability, Synapses, and Glia",B.03. G-Protein Coupled Receptors,B.03.a. Metabotropic glutamate and GABA B receptors
"Theme B: Neural Excitability, Synapses, and Glia",B.03. G-Protein Coupled Receptors,B.03.b. Peptide receptors
"Theme B: Neural Excitability, Synapses, and Glia",B.03. G-Protein Coupled Receptors,B.03.c. Other metabotropic receptors
"Theme B: Neural Excitability, Synapses, and Glia",B.04. Ion Channels,B.04.a. Sodium channels
"Theme B: Neural Excitability, Synapses, and Glia",B.04. Ion Channels,B.04.b. Calcium channels
"Theme B: Neural Excitability, Synapses, and Glia",B.04. Ion Channels,B.04.c. Potassium channels
"Theme B: Neural Excitability, Synapses, and Glia",B.04. Ion Channels,"B.04.d. HCN, TRP channels, and non-selective cation channels"
"Theme B: Neural Excitability, Synapses, and Glia",B.04. Ion Channels,B.04.e. Mechanosensitive channels
"Theme B: Neural Excitability, Synapses, and Glia",B.04. Ion Channels,B.04.f. Other ion channels
"Theme B: Neural Excitability, Synapses, and Glia",B.05. Transporters,B.05.a. Glutamate
"Theme B: Neural Excitability, Synapses, and Glia",B.05. Transporters,B.05.b. Monoamine
"Theme B: Neural Excitability, Synapses, and Glia",B.05. Transporters,B.05.c. Other
"Theme B: Neural Excitability, Synapses, and Glia",B.06. Neurotransmitter Release,"B.06.a. Vesicle docking, fusion, recycling, biogenesis"
"Theme B: Neural Excitability, Synapses, and Glia",B.06. Neurotransmitter Release,B.06.b. Presynaptic organization and structure
"Theme B: Neural Excitability, Synapses, and Glia",B.07. Synaptic Transmission,B.07.a. Postsynaptic organization and structure
"Theme B: Neural Excitability, Synapses, and Glia",B.07. Synaptic Transmission,B.07.b. Synaptic integration
"Theme B: Neural Excitability, Synapses, and Glia",B.07. Synaptic Transmission,B.07.c. Electrical synapses and gap junctions
"Theme B: Neural Excitability, Synapses, and Glia",B.07. Synaptic Transmission,B.07.d. Modulation: Peptides and amines
"Theme B: Neural Excitability, Synapses, and Glia",B.07. Synaptic Transmission,"B.07.e. Modulation: ACh, amino acids, and GABA"
"Theme B: Neural Excitability, Synapses, and Glia",B.07. Synaptic Transmission,B.07.f. Modulation: Mechanisms of action
"Theme B: Neural Excitability, Synapses, and Glia",B.07. Synaptic Transmission,B.07.g. Modulation: Pharmacology
"Theme B: Neural Excitability, Synapses, and Glia",B.08. Synaptic Plasticity,B.08.a. Short-term plasticity
"Theme B: Neural Excitability, Synapses, and Glia",B.08. Synaptic Plasticity,B.08.b. LTP: Kinases and intracellular signaling
"Theme B: Neural Excitability, Synapses, and Glia",B.08. Synaptic Plasticity,B.08.c. LTP: Pre- and Postsynaptic mechanisms
"Theme B: Neural Excitability, Synapses, and Glia",B.08. Synaptic Plasticity,B.08.d. Long-term depression (LTD)
"Theme B: Neural Excitability, Synapses, and Glia",B.08. Synaptic Plasticity,B.08.e. Spike-timing dependent plasticity
"Theme B: Neural Excitability, Synapses, and Glia",B.08. Synaptic Plasticity,B.08.f. Homeostatic plasticity
"Theme B: Neural Excitability, Synapses, and Glia",B.08. Synaptic Plasticity,B.08.g. Structural plasticity
"Theme B: Neural Excitability, Synapses, and Glia",B.08. Synaptic Plasticity,B.08.h. Transcription and translation in plasticity
"Theme B: Neural Excitability, Synapses, and Glia",B.08. Synaptic Plasticity,B.08.i. Other
"Theme B: Neural Excitability, Synapses, and Glia",B.09. Physiological Properties of Neurons,"B.09.a. Neural oscillators, dendritic properties, and plasticity"
"Theme B: Neural Excitability, Synapses, and Glia",B.09. Physiological Properties of Neurons,B.09.b. Modulation of neuronal firing properties
"Theme B: Neural Excitability, Synapses, and Glia",B.10. Network Interactions,B.10.a. Signal propagation
"Theme B: Neural Excitability, Synapses, and Glia",B.10. Network Interactions,B.10.b. Oscillations and synchrony: Unit studies
"Theme B: Neural Excitability, Synapses, and Glia",B.10. Network Interactions,B.10.c. Oscillations and synchrony: EEG studies
"Theme B: Neural Excitability, Synapses, and Glia",B.10. Network Interactions,B.10.d. Oscillations and synchrony: LFP studies
"Theme B: Neural Excitability, Synapses, and Glia",B.10. Network Interactions,B.10.e. Network interactions: Other
"Theme B: Neural Excitability, Synapses, and Glia",B.11. Epilepsy,B.11.a. Genetics
"Theme B: Neural Excitability, Synapses, and Glia",B.11. Epilepsy,B.11.b. Channels
"Theme B: Neural Excitability, Synapses, and Glia",B.11. Epilepsy,B.11.c. Synaptic mechanisms
"Theme B: Neural Excitability, Synapses, and Glia",B.11. Epilepsy,B.11.d. Networks
"Theme B: Neural Excitability, Synapses, and Glia",B.11. Epilepsy,B.11.e. Post-seizure modifications
"Theme B: Neural Excitability, Synapses, and Glia",B.11. Epilepsy,B.11.f. In vivo and behavior
"Theme B: Neural Excitability, Synapses, and Glia",B.11. Epilepsy,B.11.g. Animal Models
"Theme B: Neural Excitability, Synapses, and Glia",B.11. Epilepsy,B.11.h. Anticonvulsant and antiepileptic therapies
"Theme B: Neural Excitability, Synapses, and Glia",B.11. Epilepsy,B.11.i. Human Studies
"Theme B: Neural Excitability, Synapses, and Glia",B.12. Glial Mechanisms,B.12.a. Astrocytes: Biology
"Theme B: Neural Excitability, Synapses, and Glia",B.12. Glial Mechanisms,B.12.b. Astrocytes: Disease mechanisms
"Theme B: Neural Excitability, Synapses, and Glia",B.12. Glial Mechanisms,B.12.c. Microglia: Biology
"Theme B: Neural Excitability, Synapses, and Glia",B.12. Glial Mechanisms,B.12.d. Microglia: Disease mechanisms
"Theme B: Neural Excitability, Synapses, and Glia",B.12. Glial Mechanisms,B.12.e. Oligodendrocytes
"Theme B: Neural Excitability, Synapses, and Glia",B.12. Glial Mechanisms,B.12.f. Glia-neuron interactions: CNS
"Theme B: Neural Excitability, Synapses, and Glia",B.12. Glial Mechanisms,B.12.g. Glia-neuron interactions: PNS
"Theme B: Neural Excitability, Synapses, and Glia",B.13. Demyelinating Disorders,B.13.a. Molecular and cellular mechanisms
"Theme B: Neural Excitability, Synapses, and Glia",B.13. Demyelinating Disorders,B.13.b. Therapeutics
"Theme B: Neural Excitability, Synapses, and Glia",B.13. Demyelinating Disorders,B.13.c. Human and animal studies
"Theme B: Neural Excitability, Synapses, and Glia",B.14. Neuro-Oncology,B.14.a. Neuro-oncology
Theme C: Neurodegenerative Disorders and Injury,C.01. Brain Wellness and Aging,C.01.a. Molecular mechanisms
Theme C: Neurodegenerative Disorders and Injury,C.01. Brain Wellness and Aging,"C.01.b. Metabolism, oxidative stress, and cellular mechanisms"
Theme C: Neurodegenerative Disorders and Injury,C.01. Brain Wellness and Aging,C.01.c. Pharmacological interventions
Theme C: Neurodegenerative Disorders and Injury,C.01. Brain Wellness and Aging,C.01.d. Non-pharmacological and lifestyle interventions
Theme C: Neurodegenerative Disorders and Injury,C.01. Brain Wellness and Aging,C.01.e. Systemic factors and brain function
Theme C: Neurodegenerative Disorders and Injury,C.01. Brain Wellness and Aging,C.01.f. Brain wellness
Theme C: Neurodegenerative Disorders and Injury,C.02. Alzheimer's Disease and Other Dementias,C.02.a. Alzheimer's disease: -Omics approaches
Theme C: Neurodegenerative Disorders and Injury,C.02. Alzheimer's Disease and Other Dementias,C.02.b. Genetics and functional genomics
Theme C: Neurodegenerative Disorders and Injury,C.02. Alzheimer's Disease and Other Dementias,C.02.c. Alzheimer's disease: Genetic analyses
Theme C: Neurodegenerative Disorders and Injury,C.02. Alzheimer's Disease and Other Dementias,C.02.d. Biochemistry approaches and mechanisms
Theme C: Neurodegenerative Disorders and Injury,C.02. Alzheimer's Disease and Other Dementias,"C.02.e. APP secretase activity: Alpha, beta, gamma"
Theme C: Neurodegenerative Disorders and Injury,C.02. Alzheimer's Disease and Other Dementias,C.02.f. APP and metabolites: Function and processing
Theme C: Neurodegenerative Disorders and Injury,C.02. Alzheimer's Disease and Other Dementias,C.02.g. APP/Abeta: Animal and cellular models
Theme C: Neurodegenerative Disorders and Injury,C.02. Alzheimer's Disease and Other Dementias,C.02.h. Abeta biochemistry
Theme C: Neurodegenerative Disorders and Injury,C.02. Alzheimer's Disease and Other Dementias,C.02.i. In vitro Abeta toxicity
Theme C: Neurodegenerative Disorders and Injury,C.02. Alzheimer's Disease and Other Dementias,C.02.j. Abeta-tau interactions
Theme C: Neurodegenerative Disorders and Injury,C.02. Alzheimer's Disease and Other Dementias,C.02.k. Abeta as a therapeutic target
Theme C: Neurodegenerative Disorders and Injury,C.02. Alzheimer's Disease and Other Dementias,C.02.l. Proteinopathy and pathology other than Abeta/tau
Theme C: Neurodegenerative Disorders and Injury,C.02. Alzheimer's Disease and Other Dementias,C.02.m. Tau: Biochemistry and physiology
Theme C: Neurodegenerative Disorders and Injury,C.02. Alzheimer's Disease and Other Dementias,C.02.n. Tau: Animal and cellular models
Theme C: Neurodegenerative Disorders and Injury,C.02. Alzheimer's Disease and Other Dementias,C.02.o. Tau: Imaging and pathology/preclinical and clinical
Theme C: Neurodegenerative Disorders and Injury,C.02. Alzheimer's Disease and Other Dementias,C.02.p. ApoE and associated pathways
Theme C: Neurodegenerative Disorders and Injury,C.02. Alzheimer's Disease and Other Dementias,C.02.q. Synaptic mechanisms and deficits in Alzheimer's disease
Theme C: Neurodegenerative Disorders and Injury,C.02. Alzheimer's Disease and Other Dementias,C.02.r. Alzheimer's disease: Neuroinflammation and immune actions
Theme C: Neurodegenerative Disorders and Injury,C.02. Alzheimer's Disease and Other Dementias,C.02.s. Therapeutic strategies: Preclinical
Theme C: Neurodegenerative Disorders and Injury,C.02. Alzheimer's Disease and Other Dementias,C.02.t. Clinical and pre-clinical imaging studies in Alzheimer's disease
Theme C: Neurodegenerative Disorders and Injury,C.02. Alzheimer's Disease and Other Dementias,C.02.u. Biomarkers
Theme C: Neurodegenerative Disorders and Injury,C.02. Alzheimer's Disease and Other Dementias,C.02.v. Cognitive function
Theme C: Neurodegenerative Disorders and Injury,C.02. Alzheimer's Disease and Other Dementias,C.02.w. Alzheimer's disease: Therapeutic approaches: Clinical
Theme C: Neurodegenerative Disorders and Injury,C.02. Alzheimer's Disease and Other Dementias,C.02.x. Other dementias
Theme C: Neurodegenerative Disorders and Injury,C.03. Parkinson’s Disease,C.03.a. Cellular mechanisms
Theme C: Neurodegenerative Disorders and Injury,C.03. Parkinson’s Disease,C.03.b. Mitochondrial mechanisms and genetics
Theme C: Neurodegenerative Disorders and Injury,C.03. Parkinson’s Disease,C.03.c. Dopamine and non-dopamine pathways
Theme C: Neurodegenerative Disorders and Injury,C.03. Parkinson’s Disease,"C.03.d. LRRK2 mechanisms, targets and pathways"
Theme C: Neurodegenerative Disorders and Injury,C.03. Parkinson’s Disease,"C.03.e. Alpha-synuclein: Models, mechanisms and transmission"
Theme C: Neurodegenerative Disorders and Injury,C.03. Parkinson’s Disease,C.03.f. Vps35 and retromers
Theme C: Neurodegenerative Disorders and Injury,C.03. Parkinson’s Disease,C.03.g. Circuit mechanisms
Theme C: Neurodegenerative Disorders and Injury,C.03. Parkinson’s Disease,C.03.h. Transgenic animal models
Theme C: Neurodegenerative Disorders and Injury,C.03. Parkinson’s Disease,C.03.i. Rat and mouse toxin and behavior models
Theme C: Neurodegenerative Disorders and Injury,C.03. Parkinson’s Disease,C.03.j. Mechanisms and degeneration treatment
Theme C: Neurodegenerative Disorders and Injury,C.03. Parkinson’s Disease,C.03.k. Neuroprotective mechanisms
Theme C: Neurodegenerative Disorders and Injury,C.03. Parkinson’s Disease,C.03.l. Preclinical therapeutic development
Theme C: Neurodegenerative Disorders and Injury,C.03. Parkinson’s Disease,C.03.m. Human studies
Theme C: Neurodegenerative Disorders and Injury,C.03. Parkinson’s Disease,C.03.n. Human studies: Genetics and diagnostic
Theme C: Neurodegenerative Disorders and Injury,C.03. Parkinson’s Disease,C.03.o. Human studies: Therapeutics
Theme C: Neurodegenerative Disorders and Injury,C.03. Parkinson’s Disease,C.03.p. Clinical therapies
Theme C: Neurodegenerative Disorders and Injury,C.04. Movement Disorders,C.04.a. Huntington's disease: Mechanisms and more
Theme C: Neurodegenerative Disorders and Injury,C.04. Movement Disorders,C.04.b. Huntington's disease: Animal models
Theme C: Neurodegenerative Disorders and Injury,C.04. Movement Disorders,C.04.c. Repeat expansion diseases: Non-Huntington’s disease
Theme C: Neurodegenerative Disorders and Injury,C.04. Movement Disorders,C.04.d. Ataxias
Theme C: Neurodegenerative Disorders and Injury,C.04. Movement Disorders,C.04.e. Dystonia
Theme C: Neurodegenerative Disorders and Injury,C.04. Movement Disorders,C.04.f. Other movement disorders
Theme C: Neurodegenerative Disorders and Injury,C.05. Neuromuscular Diseases,C.05.a. Motor neuron disease: Human genetics and cellular mechanisms
Theme C: Neurodegenerative Disorders and Injury,C.05. Neuromuscular Diseases,C.05.b. Motor neuron disease: In vitro studies
Theme C: Neurodegenerative Disorders and Injury,C.05. Neuromuscular Diseases,C.05.c. Motor neuron disease: Animal models
Theme C: Neurodegenerative Disorders and Injury,C.05. Neuromuscular Diseases,C.05.d. Motor neuron disease: Therapeutics
Theme C: Neurodegenerative Disorders and Injury,C.05. Neuromuscular Diseases,C.05.e. Other neuromuscular diseases
Theme C: Neurodegenerative Disorders and Injury,"C.06. Neurotoxicity, Inflammation, and Neuroprotection",C.06.a. Cell death mechanisms: Apoptosis and calcium
Theme C: Neurodegenerative Disorders and Injury,"C.06. Neurotoxicity, Inflammation, and Neuroprotection",C.06.b. Cell death mechanisms: Oxidative stress and mitochondria
Theme C: Neurodegenerative Disorders and Injury,"C.06. Neurotoxicity, Inflammation, and Neuroprotection",C.06.c. Neuroprotective mechanisms: Preclinical
Theme C: Neurodegenerative Disorders and Injury,"C.06. Neurotoxicity, Inflammation, and Neuroprotection",C.06.d. Neuroprotective mechanisms: Clinical
Theme C: Neurodegenerative Disorders and Injury,"C.06. Neurotoxicity, Inflammation, and Neuroprotection",C.06.e. Neurotoxicity and neurodegeneration
Theme C: Neurodegenerative Disorders and Injury,"C.06. Neurotoxicity, Inflammation, and Neuroprotection",C.06.f. Neuroinflammation: Microglia
Theme C: Neurodegenerative Disorders and Injury,"C.06. Neurotoxicity, Inflammation, and Neuroprotection",C.06.g. Neuroinflammation: Beyond microglia
Theme C: Neurodegenerative Disorders and Injury,"C.06. Neurotoxicity, Inflammation, and Neuroprotection",C.06.h. Neuroinflammation: Neurodegeneration
Theme C: Neurodegenerative Disorders and Injury,"C.06. Neurotoxicity, Inflammation, and Neuroprotection",C.06.i. Neuroinflammation: Animal models
Theme C: Neurodegenerative Disorders and Injury,"C.06. Neurotoxicity, Inflammation, and Neuroprotection",C.06.j. Neuroinflammation: HIV and infections
Theme C: Neurodegenerative Disorders and Injury,C.07. Ischemia,C.07.a. Molecular mechanisms
Theme C: Neurodegenerative Disorders and Injury,C.07. Ischemia,C.07.b. Cellular mechanisms
Theme C: Neurodegenerative Disorders and Injury,C.07. Ischemia,C.07.c. Ischemia: Perinatal
Theme C: Neurodegenerative Disorders and Injury,C.07. Ischemia,C.07.d. Ischemia: Recovery
Theme C: Neurodegenerative Disorders and Injury,C.07. Ischemia,C.07.e. Ischemia and hemorrhage: Animal models
Theme C: Neurodegenerative Disorders and Injury,C.07. Ischemia,C.07.f. Inflammation
Theme C: Neurodegenerative Disorders and Injury,C.07. Ischemia,"C.07.g. Therapeutic, interventional and translational studies"
Theme C: Neurodegenerative Disorders and Injury,C.08. Stroke,"C.08.a. Stroke, damage, or disease: Assessment and treatment"
Theme C: Neurodegenerative Disorders and Injury,C.08. Stroke,"C.08.b. Stroke, damage, or disease: Mechanisms of abnormal movement"
Theme C: Neurodegenerative Disorders and Injury,C.08. Stroke,C.08.c. Stroke imaging and diagnostic studies
Theme C: Neurodegenerative Disorders and Injury,C.08. Stroke,C.08.d. Stroke recovery: Pharmacological approaches to therapy
Theme C: Neurodegenerative Disorders and Injury,C.08. Stroke,C.08.e. Stroke recovery: Non-pharmacological approaches to therapy
Theme C: Neurodegenerative Disorders and Injury,C.09. Brain Injury and Trauma,C.09.a. Brain: Cellular molecular mechanisms
Theme C: Neurodegenerative Disorders and Injury,C.09. Brain Injury and Trauma,C.09.b. Brain: Animal models of brain injury
Theme C: Neurodegenerative Disorders and Injury,C.09. Brain Injury and Trauma,C.09.c. Brain: Emerging models of brain injury
Theme C: Neurodegenerative Disorders and Injury,C.09. Brain Injury and Trauma,C.09.d. Brain: Human studies
Theme C: Neurodegenerative Disorders and Injury,C.09. Brain Injury and Trauma,C.09.e. Brain: Therapeutic strategies
Theme C: Neurodegenerative Disorders and Injury,C.09. Brain Injury and Trauma,C.09.f. Spinal cord: Cellular and molecular mechanisms
Theme C: Neurodegenerative Disorders and Injury,C.09. Brain Injury and Trauma,C.09.g. Spinal cord: Animal models and human studies
Theme C: Neurodegenerative Disorders and Injury,C.09. Brain Injury and Trauma,C.09.h. Spinal cord: Therapeutic strategies: In vivo
Theme C: Neurodegenerative Disorders and Injury,C.09. Brain Injury and Trauma,"C.09.i. Peripheral nerve trauma, crush and toxic injury"
Theme C: Neurodegenerative Disorders and Injury,C.09. Brain Injury and Trauma,C.09.j. Spinal cord: Therapeutic strategies: In vitro studies
Theme C: Neurodegenerative Disorders and Injury,C.09. Brain Injury and Trauma,C.09.k. Acute therapy
Theme C: Neurodegenerative Disorders and Injury,"C.10.Tauopathies, Tau-dementias, and Prion diseases",C.10.a. Cellular and molecular mechanisms 
Theme C: Neurodegenerative Disorders and Injury,"C.10.Tauopathies, Tau-dementias, and Prion diseases",C.10.b. Animal models
Theme C: Neurodegenerative Disorders and Injury,"C.10.Tauopathies, Tau-dementias, and Prion diseases",C.10.c. Preclinical and clinical therapeutic approaches
Theme C: Neurodegenerative Disorders and Injury,"C.10.Tauopathies, Tau-dementias, and Prion diseases",C.10.d. Transmission mechanisms and properties
Theme D: Sensory Systems,D.01. Sensory Disorders,D.01.a. Visual and auditory
Theme D: Sensory Systems,D.02. Somatosensation,D.02.a. Spinal cord processing: Anatomy and physiology
Theme D: Sensory Systems,D.02. Somatosensation,D.02.b. Spinal cord processing: Pharmacology
Theme D: Sensory Systems,D.03. Somatosensation: Pain,D.03.a. Somatosensory transduction: TRP channels
Theme D: Sensory Systems,D.03. Somatosensation: Pain,D.03.b. Nociceptors
Theme D: Sensory Systems,D.03. Somatosensation: Pain,D.03.c. Trigeminal processing
Theme D: Sensory Systems,D.03. Somatosensation: Pain,D.03.d. Headache and migraine
Theme D: Sensory Systems,D.03. Somatosensation: Pain,D.03.e. Thalamic and cortical processing
Theme D: Sensory Systems,D.03. Somatosensation: Pain,D.03.f. Descending modulation
Theme D: Sensory Systems,D.03. Somatosensation: Pain,D.03.g. Treatments for persistent pain
Theme D: Sensory Systems,D.03. Somatosensation: Pain,D.03.h. Pain models: Pharmacology
Theme D: Sensory Systems,D.03. Somatosensation: Pain,D.03.i. Pain models: Behavior
Theme D: Sensory Systems,D.03. Somatosensation: Pain,D.03.j. Pain models: Physiology
Theme D: Sensory Systems,D.03. Somatosensation: Pain,D.03.k. Inflammatory pain
Theme D: Sensory Systems,D.03. Somatosensation: Pain,D.03.l. Mechanisms of peripheral neuropathic pain
Theme D: Sensory Systems,D.03. Somatosensation: Pain,D.03.m. Mechanisms of central neuropathic pain
Theme D: Sensory Systems,D.03. Somatosensation: Pain,D.03.n. Visceral and musculoskeletal pain
Theme D: Sensory Systems,D.03. Somatosensation: Pain,D.03.o. Pain imaging and perception
Theme D: Sensory Systems,D.03. Somatosensation: Pain,D.03.p. Opioid receptor pharmacology and signaling mechanisms
Theme D: Sensory Systems,D.03. Somatosensation: Pain,D.03.q. Other analgesics
Theme D: Sensory Systems,D.04. Somatosensation: Touch,D.04.a. Transduction mechanisms
Theme D: Sensory Systems,D.04. Somatosensation: Touch,D.04.b. Plasticity and reorganization
Theme D: Sensory Systems,D.04. Somatosensation: Touch,D.04.c. Thalamic and cortical processing
Theme D: Sensory Systems,D.04. Somatosensation: Touch,D.04.d. Barrel cortex
Theme D: Sensory Systems,D.04. Somatosensation: Touch,D.04.e. Functional organization
Theme D: Sensory Systems,D.04. Somatosensation: Touch,D.04.f. Stimulus feature receptive fields and response properties
Theme D: Sensory Systems,D.04. Somatosensation: Touch,D.04.g. Stimulus feature neural coding
Theme D: Sensory Systems,D.05. Olfaction and Taste,D.05.a. Olfactory receptor cells and transduction
Theme D: Sensory Systems,D.05. Olfaction and Taste,D.05.b. Olfactory coding: Second order regions (olfactory bulb and antennal lobe)
Theme D: Sensory Systems,D.05. Olfaction and Taste,D.05.c. Olfaction: Higher-order circuits
Theme D: Sensory Systems,D.05. Olfaction and Taste,"D.05.d. Olfaction: Behavior, perception, and its relation to neurophysiology"
Theme D: Sensory Systems,D.05. Olfaction and Taste,D.05.e. Taste
Theme D: Sensory Systems,D.06. Audition,D.06.a. Mechanoreceptors and cochlea
Theme D: Sensory Systems,D.06. Audition,D.06.b. Auditory processing: Sound localization and binaural interactions
Theme D: Sensory Systems,D.06. Audition,"D.06.c. Auditory processing: Temporal, frequency, and spectral processing"
Theme D: Sensory Systems,D.06. Audition,D.06.d. Auditory processing: Vocalizations and natural sounds
Theme D: Sensory Systems,D.06. Audition,"D.06.e. Auditory processing: Circuits, synapses, and neurotransmitters"
Theme D: Sensory Systems,D.06. Audition,"D.06.f. Auditory processing: Adaptation, learning, and memory"
Theme D: Sensory Systems,D.06. Audition,"D.06.g. Auditory processing: Neural coding, experiment, and theory"
Theme D: Sensory Systems,D.06. Audition,"D.06.h. Auditory processing: Perception, cognition, and action"
Theme D: Sensory Systems,D.07. Vision,D.07.a. Retina: Photoreceptors
Theme D: Sensory Systems,D.07. Vision,D.07.b. Retinal circuitry
Theme D: Sensory Systems,D.07. Vision,D.07.c. Subcortical visual pathways
Theme D: Sensory Systems,D.07. Vision,D.07.d. Striate cortex: Circuitry and organization
Theme D: Sensory Systems,D.07. Vision,D.07.e. Striate cortex: Response properties
Theme D: Sensory Systems,D.07. Vision,D.07.f. Striate cortex: Plasticity
Theme D: Sensory Systems,D.07. Vision,D.07.g. Extrastriate cortex
Theme D: Sensory Systems,D.07. Vision,"D.07.h. Processing of contrast, form, and color"
Theme D: Sensory Systems,D.07. Vision,D.07.i. Visual motion
Theme D: Sensory Systems,D.07. Vision,D.07.j. Representation of objects and scenes
Theme D: Sensory Systems,D.07. Vision,D.07.k. Representation of faces and bodies
Theme D: Sensory Systems,D.07. Vision,"D.07.l. Visual learning, memory, and categorization"
Theme D: Sensory Systems,D.07. Vision,D.07.m. Spatial and feature-based attention
Theme D: Sensory Systems,D.07. Vision,D.07.n. Visual cognition: Decision making
Theme D: Sensory Systems,D.08. Vestibular System,"D.08.a. Vestibular hair cells, end organs, and nerve"
Theme D: Sensory Systems,D.08. Vestibular System,D.08.b. Vestibular central physiology and anatomy
Theme D: Sensory Systems,D.08. Vestibular System,"D.08.c. Vestibular perception, posture, and spatial orientation"
Theme D: Sensory Systems,D.09. Visual Sensory-motor Processing,D.09.a. Eye movements and perception
Theme D: Sensory Systems,D.09. Visual Sensory-motor Processing,D.09.b. Sensorimotor transformation: Behavior and whole animal
Theme D: Sensory Systems,D.09. Visual Sensory-motor Processing,D.09.c. Sensorimotor transformation: Neuroprocessing
Theme D: Sensory Systems,D.09. Visual Sensory-motor Processing,D.09.d. Visually-guided reaching
Theme D: Sensory Systems,D.10. Multisensory Integration,D.10.a. Cross-modal processing: Spatial factors
Theme D: Sensory Systems,D.10. Multisensory Integration,D.10.b. Cross-modal processing: Temporal factors
Theme D: Sensory Systems,D.10. Multisensory Integration,D.10.c. Cross-modal processing: Neural circuitry and development
Theme D: Sensory Systems,D.10. Multisensory Integration,D.10.d. Cross-modal processing: In humans
Theme E: Motor Systems,E.01. Eye Movements,E.01.a. Eye movements: Central mechanisms
Theme E: Motor Systems,E.01. Eye Movements,E.01.b. Eye movements: Saccades
Theme E: Motor Systems,E.01. Eye Movements,E.01.c. Eye movements: Perception and neural mechanisms
Theme E: Motor Systems,E.02. Cerebellum,E.02.a. Cerebellum: Cortex and nuclei
Theme E: Motor Systems,E.02. Cerebellum,E.02.b. Cerebellum: Plasticity and climbing fibers
Theme E: Motor Systems,E.02. Cerebellum,E.02.c. Cerebellum: Human studies
Theme E: Motor Systems,E.03. Basal Ganglia,E.03.a. Transmitters and neuromodulation
Theme E: Motor Systems,E.03. Basal Ganglia,E.03.b. Cellular physiology
Theme E: Motor Systems,E.03. Basal Ganglia,E.03.c. Systems physiology and plasticity
Theme E: Motor Systems,E.03. Basal Ganglia,E.03.d. Systems behavior
Theme E: Motor Systems,E.04. Voluntary Movements,E.04.a. Finger and grasp control: Normal human behavior
Theme E: Motor Systems,E.04. Voluntary Movements,"E.04.b. Finger and grasp control: Age, pathology, and physiology"
Theme E: Motor Systems,E.04. Voluntary Movements,E.04.c. Reaching control: Action and sensation
Theme E: Motor Systems,E.04. Voluntary Movements,E.04.d. Reaching control: Movement selection and strategy
Theme E: Motor Systems,E.04. Voluntary Movements,E.04.e. Reaching control: Motor learning: Human
Theme E: Motor Systems,E.04. Voluntary Movements,E.04.f. Reaching control: Motor learning: Animal
Theme E: Motor Systems,E.04. Voluntary Movements,E.04.g. Interlimb and bimanual control
Theme E: Motor Systems,E.04. Voluntary Movements,E.04.h. Cortical planning and execution: Behavior
Theme E: Motor Systems,E.04. Voluntary Movements,E.04.i. Cortical planning and execution: Neurophysiology: Human
Theme E: Motor Systems,E.04. Voluntary Movements,E.04.j. Cortical planning and execution: Neurophysiology: Animal
Theme E: Motor Systems,E.04. Voluntary Movements,E.04.k. Cortical planning and execution: Neuroimaging
Theme E: Motor Systems,E.04. Voluntary Movements,E.04.l. Oral motor and speech
Theme E: Motor Systems,E.04. Voluntary Movements,E.04.m. Plasticity
Theme E: Motor Systems,E.05. Brain-Machine Interface,E.05.a. Neurophysiology: Non-invasive mechanisms
Theme E: Motor Systems,E.05. Brain-Machine Interface,E.05.b. Neurophysiology: Implanted electrodes and other direct interactions with neurons
Theme E: Motor Systems,E.05. Brain-Machine Interface,E.05.c. Neurophysiology: Neural processing
Theme E: Motor Systems,E.05. Brain-Machine Interface,"E.05.d. Neuroprosthetics: Control of real and artificial arm, hand, other grasping devices"
Theme E: Motor Systems,E.05. Brain-Machine Interface,"E.05.e. Neuroprosthetics: Other motor sensory interfaces (e.g., artificial vision)"
Theme E: Motor Systems,E.06. Posture and Gait,"E.06.a. Posture and gait: Kinematics, muscle activity, exercise and fatigue, and biomechanics"
Theme E: Motor Systems,E.06. Posture and Gait,E.06.b. Posture and gait: Afferent control
Theme E: Motor Systems,E.06. Posture and Gait,"E.06.c. Posture and gait: Higher order control, multi-task integration, and theory"
Theme E: Motor Systems,E.06. Posture and Gait,"E.06.d. Posture and gait: Aging, injury, and disease"
Theme E: Motor Systems,E.06. Posture and Gait,E.06.e. Reflexes and reflex modulation
Theme E: Motor Systems,E.07. Rhythmic Motor Pattern Generation,E.07.a. Cellular properties: Interneurons and motor neurons
Theme E: Motor Systems,E.07. Rhythmic Motor Pattern Generation,E.07.b. Connectivity
Theme E: Motor Systems,E.07. Rhythmic Motor Pattern Generation,E.07.c. Neuromodulation
Theme E: Motor Systems,E.07. Rhythmic Motor Pattern Generation,E.07.d. Afferent and descending control
Theme E: Motor Systems,E.08. Respiratory Regulation,E.08.a. Respiratory regulation: Central respiratory chemoreception
Theme E: Motor Systems,E.08. Respiratory Regulation,E.08.b. Respiratory regulation: Respiratory rhythm and pattern generation
Theme E: Motor Systems,E.08. Respiratory Regulation,E.08.c. Respiratory regulation: Hypoxia and obstructive sleep apnea
Theme E: Motor Systems,E.09. Spinal Cord Injury and Plasticity,E.09.a. Spinal cord injury: Posture and locomotion
Theme E: Motor Systems,E.09. Spinal Cord Injury and Plasticity,E.09.b. Spinal cord injury: Recovery
Theme E: Motor Systems,E.09. Spinal Cord Injury and Plasticity,"E.09.c. Spinal cord injury: Training, rehabilitation, and repair"
Theme E: Motor Systems,E.09. Spinal Cord Injury and Plasticity,E.09.d. Neurophysiology
Theme E: Motor Systems,E.10. Motor Neurons and Muscle,"E.10.a. Motor neurons: Activity, sensory, and central control: Exercise, injury, and disease"
Theme E: Motor Systems,E.10. Motor Neurons and Muscle,"E.10.b. Motor neurons: Development, identification, intrinsic properties, and modulation"
Theme E: Motor Systems,E.10. Motor Neurons and Muscle,"E.10.c. Motor unit recordings, kinematics, and EMG"
Theme E: Motor Systems,E.10. Motor Neurons and Muscle,E.10.d. Motorneuron-muscle interface
Theme E: Motor Systems,E.10. Motor Neurons and Muscle,E.10.e. Muscle physiology and biochemistry
Theme F: Integrative Physiology and Behavior,F.01. Neuroethology,F.01.a. Sensory and motor systems
Theme F: Integrative Physiology and Behavior,F.01. Neuroethology,F.01.b. Vocal/social communication: Avian
Theme F: Integrative Physiology and Behavior,F.01. Neuroethology,F.01.c. Vocal/social communication: Non-avian
Theme F: Integrative Physiology and Behavior,F.02. Behavioral Neuroendocrinology,F.02.a. Sexual behavior
Theme F: Integrative Physiology and Behavior,F.02. Behavioral Neuroendocrinology,F.02.b. Parental behavior
Theme F: Integrative Physiology and Behavior,F.02. Behavioral Neuroendocrinology,F.02.c. Social behavior
Theme F: Integrative Physiology and Behavior,F.02. Behavioral Neuroendocrinology,F.02.d. Defensive behavior and aggression
Theme F: Integrative Physiology and Behavior,F.02. Behavioral Neuroendocrinology,F.02.e. Hormones and cognition
Theme F: Integrative Physiology and Behavior,F.03. Neuroendocrine Processes,F.03.a. HPG axis: GnRH cells and gonadotrophins
Theme F: Integrative Physiology and Behavior,F.03. Neuroendocrine Processes,F.03.b. HPG axis: Neural control
Theme F: Integrative Physiology and Behavior,F.03. Neuroendocrine Processes,"F.03.c. Neuroendocrine anatomy, physiology, and plasticity"
Theme F: Integrative Physiology and Behavior,F.03. Neuroendocrine Processes,F.03.d. Sexual differentiation
Theme F: Integrative Physiology and Behavior,F.04. Stress and the Brain,F.04.a. Stress and neuroimmunology
Theme F: Integrative Physiology and Behavior,F.04. Stress and the Brain,F.04.b. Cellular actions of stress
Theme F: Integrative Physiology and Behavior,F.04. Stress and the Brain,"F.04.c. Early-life stress: Neural, neurochemical, and physiologic effects"
Theme F: Integrative Physiology and Behavior,F.04. Stress and the Brain,F.04.d. Early-life stress: Molecular mechanisms and cellular effects
Theme F: Integrative Physiology and Behavior,F.04. Stress and the Brain,"F.04.e. Early-life stress: Effects on anxiety, social function, and depression"
Theme F: Integrative Physiology and Behavior,F.04. Stress and the Brain,F.04.f. Early-life stress: Adolescence
Theme F: Integrative Physiology and Behavior,F.04. Stress and the Brain,"F.04.g. Stress-modulated pathways: Cortex, hippocampus, and striatum"
Theme F: Integrative Physiology and Behavior,F.04. Stress and the Brain,"F.04.h. Stress-modulated pathways: Hypothalamus, amygdala, and bed nucleus"
Theme F: Integrative Physiology and Behavior,F.04. Stress and the Brain,F.04.i. Stress-modulated pathways: Brainstem and other
Theme F: Integrative Physiology and Behavior,F.04. Stress and the Brain,F.04.j. Stress and cognition
Theme F: Integrative Physiology and Behavior,F.05. Neuroimmunology,F.05.a. Regulating systems
Theme F: Integrative Physiology and Behavior,F.05. Neuroimmunology,F.05.b. Behavioral effects
Theme F: Integrative Physiology and Behavior,"F.06. Brain Blood Flow, Metabolism, and Homeostasis",F.06.a. Energy metabolism
Theme F: Integrative Physiology and Behavior,"F.06. Brain Blood Flow, Metabolism, and Homeostasis",F.06.b. Blood flow
Theme F: Integrative Physiology and Behavior,"F.06. Brain Blood Flow, Metabolism, and Homeostasis",F.06.c. Blood brain barrier
Theme F: Integrative Physiology and Behavior,"F.06. Brain Blood Flow, Metabolism, and Homeostasis",F.06.d. Functional imaging
Theme F: Integrative Physiology and Behavior,F.07. Autonomic Regulation,F.07.a. Cardiovascular regulation
Theme F: Integrative Physiology and Behavior,F.07. Autonomic Regulation,"F.07.b. Gastrointestinal, renal/urinary, and reproductive regulation"
Theme F: Integrative Physiology and Behavior,F.07. Autonomic Regulation,F.07.c. Thermoregulation and other
Theme F: Integrative Physiology and Behavior,F.08. Biological Rhythms and Sleep,F.08.a. Entrainment and phase shifts
Theme F: Integrative Physiology and Behavior,F.08. Biological Rhythms and Sleep,F.08.b. Molecular biology and physiology of clocks
Theme F: Integrative Physiology and Behavior,F.08. Biological Rhythms and Sleep,"F.08.c. Sleep: Molecular, cellular, and pharmacology"
Theme F: Integrative Physiology and Behavior,F.08. Biological Rhythms and Sleep,F.08.d. Sleep: Regulators
Theme F: Integrative Physiology and Behavior,F.08. Biological Rhythms and Sleep,F.08.e. Sleep: Systems
Theme F: Integrative Physiology and Behavior,F.08. Biological Rhythms and Sleep,F.08.f. Sleep: Behavior
Theme F: Integrative Physiology and Behavior,F.08. Biological Rhythms and Sleep,"F.08.g. SCN anatomy, physiology, neurochemistry"
Theme F: Integrative Physiology and Behavior,F.09. Thirst and Water Balance,F.09.a. Thirst and water balance
Theme F: Integrative Physiology and Behavior,F.10. Food Intake and Energy Balance,F.10.a. Integration of peripheral signals: Regulators
Theme F: Integrative Physiology and Behavior,F.10. Food Intake and Energy Balance,F.10.b. Integration of peripheral signals: Systems
Theme F: Integrative Physiology and Behavior,F.10. Food Intake and Energy Balance,F.10.c. Central pathways: Anatomy and development
Theme F: Integrative Physiology and Behavior,F.10. Food Intake and Energy Balance,F.10.d. Neuropeptide regulators
Theme F: Integrative Physiology and Behavior,F.10. Food Intake and Energy Balance,"F.10.e. Monoamines, amino acids, and other regulators"
Theme G: Motivation and Emotion,G.01. Appetitive and Aversive Learning,G.01.a. Appetitive and incentive learning and memory
Theme G: Motivation and Emotion,G.01. Appetitive and Aversive Learning,G.01.b. Fear and aversive learning and memory: Acquisition
Theme G: Motivation and Emotion,G.01. Appetitive and Aversive Learning,G.01.c. Fear and aversive learning and memory: Modulation
Theme G: Motivation and Emotion,G.01. Appetitive and Aversive Learning,G.01.d. Fear and aversive learning and memory: Extinction
Theme G: Motivation and Emotion,G.01. Appetitive and Aversive Learning,G.01.e. Fear and aversive learning and memory: Neural circuitry
Theme G: Motivation and Emotion,G.02. Motivation,G.02.a. Reward: Dopamine
Theme G: Motivation and Emotion,G.02. Motivation,G.02.b. Reward: Motivational mechanisms
Theme G: Motivation and Emotion,G.02. Motivation,G.02.c. Reward: Neuropharmacology
Theme G: Motivation and Emotion,G.02. Motivation,G.02.d. Motivation: Subcortical neurocircuitry
Theme G: Motivation and Emotion,G.02. Motivation,G.02.e. Motivation: Cortical neurocircuitry
Theme G: Motivation and Emotion,G.02. Motivation,G.02.f. Motivation: Risk taking
Theme G: Motivation and Emotion,G.02. Motivation,G.02.g. Motivation: Social communication and behavior
Theme G: Motivation and Emotion,G.03. Emotion,G.03.a. Human emotion
Theme G: Motivation and Emotion,G.03. Emotion,G.03.b. Emotion: Neurocircuitry
Theme G: Motivation and Emotion,G.03. Emotion,"G.03.c. Emotion: Fear, anxiety, and pain"
Theme G: Motivation and Emotion,G.03. Emotion,G.03.d. Emotion: Positive and negative emotional states
Theme G: Motivation and Emotion,G.03. Emotion,G.03.e. Emotion: Information processing
Theme G: Motivation and Emotion,G.04. Mood Disorders: Depression and Bipolar Disorders,G.04.a. Depression: Human postmortem studies
Theme G: Motivation and Emotion,G.04. Mood Disorders: Depression and Bipolar Disorders,G.04.b. Depression: Human imaging and behavioral studies
Theme G: Motivation and Emotion,G.04. Mood Disorders: Depression and Bipolar Disorders,G.04.c. Depression: Treatment and drug discovery
Theme G: Motivation and Emotion,G.04. Mood Disorders: Depression and Bipolar Disorders,G.04.d. Depression: Animal models of mechanisms
Theme G: Motivation and Emotion,G.04. Mood Disorders: Depression and Bipolar Disorders,G.04.e. Depression: Animal models of therapeutics
Theme G: Motivation and Emotion,G.04. Mood Disorders: Depression and Bipolar Disorders,G.04.f. Bipolar disorders
Theme G: Motivation and Emotion,G.05. Anxiety Disorders,G.05.a. Human studies
Theme G: Motivation and Emotion,G.05. Anxiety Disorders,G.05.b. Preclinical models
Theme G: Motivation and Emotion,G.05. Anxiety Disorders,G.05.c Therapeutic approaches
Theme G: Motivation and Emotion,G.06. Post-traumatic Stress Disorder,G.06.a.  Human studies
Theme G: Motivation and Emotion,G.06. Post-traumatic Stress Disorder,G.06.b. Preclinical models
Theme G: Motivation and Emotion,G.07. Other Psychiatric Disorders,G.07.a. OCD and repetitive behaviors
Theme G: Motivation and Emotion,G.07. Other Psychiatric Disorders,G.07.b. Eating disorders
Theme G: Motivation and Emotion,G.07. Other Psychiatric Disorders,G.07.c. Other disorders
Theme G: Motivation and Emotion,G.08. Drugs of Abuse and Addiction,G.08.a. Addictive drugs: Developmental effects
Theme G: Motivation and Emotion,G.08. Drugs of Abuse and Addiction,"G.08.b. Addictive drugs: Drug tolerance, dependence, and toxicity"
Theme G: Motivation and Emotion,G.08. Drugs of Abuse and Addiction,G.08.c. Addiction: Genetics
Theme G: Motivation and Emotion,G.08. Drugs of Abuse and Addiction,G.08.d. Addiction treatment: Translational and clinical studies
Theme G: Motivation and Emotion,G.08. Drugs of Abuse and Addiction,"G.08.e. Learning, memory, and addiction"
Theme G: Motivation and Emotion,G.08. Drugs of Abuse and Addiction,G.08.f. Alcohol: Intake and preference
Theme G: Motivation and Emotion,G.08. Drugs of Abuse and Addiction,G.08.g. Alcohol: Other behavioral effects
Theme G: Motivation and Emotion,G.08. Drugs of Abuse and Addiction,G.08.h. Alcohol: Neural mechanisms
Theme G: Motivation and Emotion,G.08. Drugs of Abuse and Addiction,"G.08.i. Amphetamines: Reinforcement, seeking, and reinstatement"
Theme G: Motivation and Emotion,G.08. Drugs of Abuse and Addiction,G.08.j. Amphetamines: Other behavioral effects
Theme G: Motivation and Emotion,G.08. Drugs of Abuse and Addiction,G.08.k. Amphetamines: Neural mechanisms of addiction
Theme G: Motivation and Emotion,G.08. Drugs of Abuse and Addiction,G.08.l. Cannabinoids: Neural mechanisms and addiction
Theme G: Motivation and Emotion,G.08. Drugs of Abuse and Addiction,G.08.m. Cocaine reinforcement
Theme G: Motivation and Emotion,G.08. Drugs of Abuse and Addiction,G.08.n. Cocaine seeking and reinstatement
Theme G: Motivation and Emotion,G.08. Drugs of Abuse and Addiction,G.08.o. Cocaine: Other behavioral studies
Theme G: Motivation and Emotion,G.08. Drugs of Abuse and Addiction,G.08.p. Cocaine: Neural mechanisms of addiction
Theme G: Motivation and Emotion,G.08. Drugs of Abuse and Addiction,"G.08.q. Opioid reinforcement, seeking, and reinstatement"
Theme G: Motivation and Emotion,G.08. Drugs of Abuse and Addiction,G.08.r. Opioids: Neural mechanisms of addiction
Theme G: Motivation and Emotion,G.08. Drugs of Abuse and Addiction,"G.08.s.  Nicotine:  Reinforcement, seeking, and reinstatement"
Theme G: Motivation and Emotion,G.08. Drugs of Abuse and Addiction,G.08.t.  Nicotine:  Neural mechanisms of addiction
Theme H: Cognition,H.01. Animal Cognition and Behavior,H.01.a. Functional mechanisms of attention
Theme H: Cognition,H.01. Animal Cognition and Behavior,H.01.aa. Cortical and hippocampal circuits: Grid cells
Theme H: Cognition,H.01. Animal Cognition and Behavior,H.01.b. Decision making: Prefrontal cortex
Theme H: Cognition,H.01. Animal Cognition and Behavior,H.01.bb. Thalamic and brainstem circuits
Theme H: Cognition,H.01. Animal Cognition and Behavior,H.01.c. Decision making: Corticolimbic circuits
Theme H: Cognition,H.01. Animal Cognition and Behavior,H.01.cc. Cortical and striatal circuits
Theme H: Cognition,H.01. Animal Cognition and Behavior,H.01.d. Executive function: Learning and memory
Theme H: Cognition,H.01. Animal Cognition and Behavior,"H.01.dd. Associative, nonassociative, and skill learning"
Theme H: Cognition,H.01. Animal Cognition and Behavior,H.01.e. Executive function: Network activity
Theme H: Cognition,H.01. Animal Cognition and Behavior,H.01.f. Executive function: Models of disorders
Theme H: Cognition,H.01. Animal Cognition and Behavior,H.01.g. Executive function: Inhibitory control
Theme H: Cognition,H.01. Animal Cognition and Behavior,H.01.h. Memory consolidation and reconsolidation: Behavior
Theme H: Cognition,H.01. Animal Cognition and Behavior,H.01.i. Memory consolidation and reconsolidation: Molecular mechanisms
Theme H: Cognition,H.01. Animal Cognition and Behavior,H.01.j. Memory consolidation and reconsolidation: Neural circuit mechanisms
Theme H: Cognition,H.01. Animal Cognition and Behavior,H.01.k. Learning and memory: Intrahippocampal circuits
Theme H: Cognition,H.01. Animal Cognition and Behavior,H.01.l. Learning and memory: Cortical-hippocampal interactions
Theme H: Cognition,H.01. Animal Cognition and Behavior,H.01.m. Learning and memory: Hippocampal circuits
Theme H: Cognition,H.01. Animal Cognition and Behavior,H.01.n. Learning and memory: Dentate gyrus
Theme H: Cognition,H.01. Animal Cognition and Behavior,H.01.o. Learning and memory: Entorhinal cortex
Theme H: Cognition,H.01. Animal Cognition and Behavior,H.01.p. Learning and memory: Molecular mechanisms
Theme H: Cognition,H.01. Animal Cognition and Behavior,H.01.q. Learning and memory: Neural circuit mechanisms
Theme H: Cognition,H.01. Animal Cognition and Behavior,H.01.r. Learning and memory: Gamma and theta rhythms
Theme H: Cognition,H.01. Animal Cognition and Behavior,H.01.s. Learning and memory: Genes and signaling
Theme H: Cognition,H.01. Animal Cognition and Behavior,H.01.t. Learning and memory: Physiology
Theme H: Cognition,H.01. Animal Cognition and Behavior,H.01.u. Learning and memory: Pharmacology
Theme H: Cognition,H.01. Animal Cognition and Behavior,H.01.v. Learning and memory: Aging
Theme H: Cognition,H.01. Animal Cognition and Behavior,H.01.w. Learning and memory: Invertebrates
Theme H: Cognition,H.01. Animal Cognition and Behavior,H.01.x. Cortical and hippocampal circuits: Timing and temporal processing
Theme H: Cognition,H.01. Animal Cognition and Behavior,H.01.y. Cortical and hippocampal circuits: Spatial navigation
Theme H: Cognition,H.01. Animal Cognition and Behavior,H.01.z. Cortical and hippocampal circuits: Place cells
Theme H: Cognition,H.02. Human Cognition and Behavior,H.02.a. Perception and imagery
Theme H: Cognition,H.02. Human Cognition and Behavior,H.02.b. Human learning: Perceptual and spatial learning
Theme H: Cognition,H.02. Human Cognition and Behavior,H.02.c. Human learning: Motor and sequence learning
Theme H: Cognition,H.02. Human Cognition and Behavior,"H.02.d. Human learning: Feedback, reinforcement, and reward"
Theme H: Cognition,H.02. Human Cognition and Behavior,H.02.e. Human long-term memory: Medial temporal lobe
Theme H: Cognition,H.02. Human Cognition and Behavior,H.02.f. Human long-term memory: Retrieval
Theme H: Cognition,H.02. Human Cognition and Behavior,H.02.g. Human long-term memory: Encoding
Theme H: Cognition,H.02. Human Cognition and Behavior,H.02.h. Human long-term memory: Encoding-retrieval interactions
Theme H: Cognition,H.02. Human Cognition and Behavior,H.02.i. Functional mechanisms of attention
Theme H: Cognition,H.02. Human Cognition and Behavior,H.02.j. Attentional networks
Theme H: Cognition,H.02. Human Cognition and Behavior,H.02.k. Executive function
Theme H: Cognition,H.02. Human Cognition and Behavior,H.02.l. Language
Theme H: Cognition,H.02. Human Cognition and Behavior,H.02.m. Working memory
Theme H: Cognition,H.02. Human Cognition and Behavior,H.02.n. Decision making and reasoning: Cognition and computational models
Theme H: Cognition,H.02. Human Cognition and Behavior,H.02.o. Decision making and reasoning: Neural mechanisms
Theme H: Cognition,H.02. Human Cognition and Behavior,H.02.p. Cognitive development
Theme H: Cognition,H.02. Human Cognition and Behavior,H.02.q. Cognitive aging
Theme H: Cognition,H.02. Human Cognition and Behavior,H.02.r. Individual differences
Theme H: Cognition,H.02. Human Cognition and Behavior,H.02.s. Timing and temporal processing
Theme H: Cognition,H.02. Human Cognition and Behavior,H.02.t. Social cognition: Behavior and pharmacology
Theme H: Cognition,H.02. Human Cognition and Behavior,H.02.u. Social cognition: Neural processes and disorders
Theme H: Cognition,H.03. Schizophrenia,H.03.a. Neuropathology
Theme H: Cognition,H.03. Schizophrenia,H.03.b. Genetics and genomics
Theme H: Cognition,H.03. Schizophrenia,H.03.c. Behavior and symptoms
Theme H: Cognition,H.03. Schizophrenia,H.03.d. Circuits and systems
Theme H: Cognition,H.03. Schizophrenia,H.03.e. Animal models: Developmental
Theme H: Cognition,H.03. Schizophrenia,H.03.f. Animal models: Pharmacological
Theme H: Cognition,H.03. Schizophrenia,H.03.g. Biochemical studies
Theme H: Cognition,H.03. Schizophrenia,H.03.h. Therapeutics
Theme I: Techniques,"I.01. Molecular, Biochemical, and Genetic Techniques",I.01.a. Biochemical techniques
Theme I: Techniques,"I.01. Molecular, Biochemical, and Genetic Techniques",I.01.b. Molecular techniques
Theme I: Techniques,"I.01. Molecular, Biochemical, and Genetic Techniques",I.01.c. Genetic techniques
Theme I: Techniques,I.02. Systems Biology and Bioinformatics,"I.02.a. Genomics, proteomics, and systems biology"
Theme I: Techniques,I.02. Systems Biology and Bioinformatics,I.02.b. Bioinformatics
Theme I: Techniques,I.03. Anatomical Methods,"I.03.a. Staining, tracing, and imaging techniques: Sample preparation"
Theme I: Techniques,I.03. Anatomical Methods,"I.03.b. Staining, tracing, and imaging techniques: Image acquisition"
Theme I: Techniques,I.03. Anatomical Methods,"I.03.c. Staining, tracing, and imaging techniques: Circuit tracing"
Theme I: Techniques,I.03. Anatomical Methods,"I.03.d. Staining, tracing, and imaging techniques: Electron microscopy"
Theme I: Techniques,I.03. Anatomical Methods,"I.03.e. Staining, tracing, and imaging techniques: Novel probes"
Theme I: Techniques,I.04. Physiological Methods,I.04.a. Optical methodology: Development
Theme I: Techniques,I.04. Physiological Methods,I.04.b. Optical methodology: Application
Theme I: Techniques,I.04. Physiological Methods,I.04.c. Optical methodology: Probes
Theme I: Techniques,I.04. Physiological Methods,I.04.d. Optogenetics
Theme I: Techniques,I.04. Physiological Methods,I.04.e. Electrophysiology: Cellular
Theme I: Techniques,I.04. Physiological Methods,I.04.f. Electrophysiology: Neural networks
Theme I: Techniques,I.04. Physiological Methods,I.04.g. Electrophysiology: Electrode arrays
Theme I: Techniques,I.04. Physiological Methods,I.04.h. Electrophysiology: Stimulating neurons
Theme I: Techniques,I.04. Physiological Methods,I.04.i. Novel assays
Theme I: Techniques,I.05. Biomarker and Drug Discovery,I.05.a. Affective disorders and schizophrenia
Theme I: Techniques,I.05. Biomarker and Drug Discovery,"I.05.b. Neurodegenerative diseases (AD, PD, MS, stroke)"
Theme I: Techniques,I.05. Biomarker and Drug Discovery,I.05.c. Drug delivery
Theme I: Techniques,"I.06. Computation, Modeling, and Simulation",I.06.a. Cellular models
Theme I: Techniques,"I.06. Computation, Modeling, and Simulation",I.06.b. Network models: Theory
Theme I: Techniques,"I.06. Computation, Modeling, and Simulation",I.06.c. Network models: Experimentation
Theme I: Techniques,"I.06. Computation, Modeling, and Simulation",I.06.d. Computational tools
Theme I: Techniques,I.07. Data Analysis and Statistics,I.07.a. Data analysis and statistics: Human data
Theme I: Techniques,I.07. Data Analysis and Statistics,I.07.b. Data analysis and statistics: Neuronal networks
Theme I: Techniques,I.07. Data Analysis and Statistics,I.07.c. Software tools
Theme J: History and Education,J.01. History of Neuroscience,J.01.a. History of neuroscience
Theme J: History and Education,J.02. Teaching of Neuroscience,J.02.a. K-12
Theme J: History and Education,J.02. Teaching of Neuroscience,J.02.b. College
Theme J: History and Education,J.02. Teaching of Neuroscience,J.02.c. Graduate and professional
Theme J: History and Education,J.03. Public Awareness of Neuroscience,J.03.a. Outreach activities
Theme J: History and Education,J.04. Ethical and Policy Issues in Neuroscience,J.04.a. Ethical and policy issues in neuroscience
